Text,True_Sentiment,Score,vader_pred,roberta_pred,distilbert_pred,vader_pos,roberta_pos
"These things are just too darn cheesy. If you like a lot of flavor, you'll love these. Otherwise, you will overdose on their cheddary goodness.",Neutral,3,Positive,Negative,Negative,0.316,0.0
"I love Cherrybrook Kitchen and have tried almost all of their products.  I was excited to try the Ready to Spread frosting, as I do not usually keep the needed ingredients on hand for their box frosting.  I am not a picky eater, especially if the item contains sugar... but this was horrible!  The consistency is absolutely nothing like regular canned frosting.  It is not light and fluffy.  It is very gooey.  I cannot even imagine trying to spread it on a cake - it would rip it to pieces because it is so thick and gooey.  I did not even try it on a cake, because the taste and texture were so off-putting.  Seriously, do not waste your money!",Negative,1,Negative,Positive,Negative,0.095,0.8101329207420349
"I recently purchased this on sale at my local grocery store... now I know why it was on sale!<br /><br />This is not a fluffy, creamy white frosting you'd expect to find when opening the jar. Now, I wasn't expecting it to be just like Betty Crocker, but it was pretty bad. Like others said, it is a gluey/tacky mess that would completely ruin a cake if you tried to spread it on.  It reminds me of taffy that hasn't quite hit the right stage in the candy making process.  The taste isn't that great either, and it's sickeningly sweet (even for frosting).  The only thing it might be used for is a frosting for cinnamon buns?  I still don't think it would be the right consistency...",Negative,1,Negative,Negative,Negative,0.091,0.0
"I love using this to sweeten tea, coffee, etc. It tastes much better than other low glycemic sweeteners - there is no bitter aftertaste.",Positive,5,Positive,Positive,Positive,0.228,0.9815110564231873
"i love this product cant find it locally. Sometimes little out of the way stores have it.But i also love the chicken,pork chop bags.Every store i go in i look for them the lastplace i found it was at a meat market.",Positive,5,Positive,Positive,Positive,0.198,0.9098583459854126
"I love these chips. The flavor is not plain. They are sweet and spicy all at the same time.  The only drawback is it has a tad bit too much salt. But, it still a great flavor!",Positive,4,Positive,Positive,Positive,0.254,0.948574960231781
"For those who love salt and vinegar potato chips, this is the one to choose. The flavor is zippy and tart, with no unpleasant chemical aftertaste like the less ""natural"" versions of this snack. The 2-ounce bags are just right to share at lunch. The chips are a little greasy, and that's why I've given them 4 stars instead of 5.",Positive,4,Positive,Positive,Negative,0.13,0.8928337693214417
"TOTALLY ORGASMIC.  these chips are the best spicy chip i have ever tasted.  signed up for the subscribe and save option.  the case contained 15(FIFTEEN, FULL SIZED BAGS) OF CHIPS.  the price per unit equals $1.73  per package.  that is not even the cost of plain chips.  if you add the free shipping and the fast delivery, this deal is a steal.  so run like you stole something over to your computer and order the SPICY THAI CHIPS.  p.s.  even if you paid the going price of $30.00, you are still ahead of the curve.  ENJOY",Positive,5,Positive,Positive,Positive,0.16,0.9344168901443481
"I'm not sure how you review something that's as subjective as taste, but suffice to say that if you like chocolate and graham cracker, you'll like this (it doesn't taste exactly like either of those, but that's the closest analogy for me).  The sticks themselves are a cracker of some kind, dipped in chocolate, with one end left just normal cracker to you don't get your fingers covered in chocolate while eating.<br /><br />Here's some of the nitty gritty details - each of the boxes contain two individually sealed packets, that contain probably 20 or so of the sticks.  The packets themselves are really cleverly designed, with a little slit cut in the folded part, you just grab both sides and pull, and it opens up the package without any hassle - gotta love Japanese product design!  :)  Another nice design touch is that when you open it properly the grabbing-side of the stick is right at the top.<br /><br />Each of the packets has 210 calories (90 from fat), and about 80mg of sodium - so in terms of snacks this is a pretty good option.  It does contain milk, wheat, soybeans and sheanut - so if any of these are an issue for you, then you'll want to pass.  It also says on the packaging that the facility they're manufactured in also processes eggs and peanuts - the product doesn't use either of them, but the disclosure is nice if you're particularly sensitive to either.<br /><br />Overall a great snack at a great price - the 10 pack really is 20 of the packets, so that's quite a few snacks.  One note, if you live in a hot climate, don't order them in the summer because they will melt together (in shipping)!  Duh!  :)",Positive,5,Positive,Neutral,Positive,0.187,0.0
"The BEST investment I've ever made for ginger. It's unbelievable! It's fibrous like the real ginger, has that spicy kick to it, but it's perfect with the sugar - calms it down.  It's very worth the $40 for 5lbs of it!  I'll be getting more soon - I use these as a topper for my ginger cupcakes and cookies :)",Positive,5,Positive,Positive,Negative,0.305,0.9744222164154053
The holiday liquor cups were exactly what I was looking for.  The chocolate is<br />delicious and holds up well to the liquors,Positive,5,Positive,Positive,Positive,0.202,0.9800866842269897
"These looked like a perfect snack to through in with my trail mix.  Unfortunately, they arrived in a solid mass of melted chocolate.  I left them in my pantry for a few days, and when I opened them at room temperature they were still gooey.  I through them in the fridge and I've been breaking off hunks ever since.  They taste good to me, but the chocolate is all grainy after melting and then solidifying again.  I won't order them online again, but if I see them in a store I would pick them up.",Positive,5,Positive,Negative,Positive,0.083,0.0
I think these chips are awesome if not the best along with Poor Brothers Salt and Vinager chips. But if you buy these Spicy Thai chips in a smaller bag it might have too much of the flavor (at the bottom of the bag) in it then the larger bag at least that was my experience last time I bought these off amazon but that was like in 2010. So I would suggest trying Spicy Thai in a bag bigger then 5 ounces.,Positive,4,Positive,Positive,Negative,0.093,0.6078553199768066
"I am a coffee fanatic but have always stayed away from these because I never liked instant coffee and my assumption was that this would be similar.  I really enjoy the Starbucks VIA instant coffee - but I drink so much, it is rather expensive so I thought I would give this a try.  Both my wife and I were pleasantly surprised with the taste.  I don't think it equals fresh brewed but it is very acceptable.  I bought my first 38 pack at my local grocery store for about $7.  That seemed a little high but I figured I would check online to find the best price.  As I started calculating all of the online prices, they are charging about $7 bucks for the 19 count.  I would suggest that you check your local grocery stores as you might be able to find it cheaper.  So you don't have to do the math...$7 / 38 = .184 per single.  Online price $27 / 114 = .236 (shipping not calculated in).  Looking at a supposed discount coffee supplier, you can get a case of 12 boxes for $69, no sales tax and free shipping...sounds like a great deal??  12 x 19 = 228 singles so $69 / 228 = .302 per single - the most expensive at all.",Positive,5,Positive,Positive,Negative,0.168,0.5493221879005432
"My daughter is outgrowing baby food but will still eat this.  We tried 3rd foods on her and she doesn't like the texture of them.  This is really good for her and she likes it, so we keep buying it.",Positive,5,Positive,Positive,Positive,0.168,0.8450915813446045
"Both our twins love this one right from the start but it's not loaded with lentils (see ingredients below).  We introduced it when they were 7 months old and now they're 10 months.  I'm glad they are eating something green because we couldn't get them to eat the one with peas when we tried at 7 months, but we got them to eat the peas later at 9 months.<br /><br />Their favorite vegetable is sweet potato and we've also tried sweet potato with cinnamon. They love all the fruit varieties.<br /><br />I'm glad they love this one because lentils and brown rice form a complete protein, although a view of the ingredients shows that lentils is not one of the prime ingredients.<br /><br />This one also has carrots and I've heard all babies like carrots.  I don't know if they would like it without the carrots.  I haven't seen this one - lentils and brown rice - in our local stores, so I'm glad to get it here. Along with some others, we get this one with the subscription.  Of course, with twins one is forced to buy more in bulk and we're so busy that it's great to get these delivered.<br /><br />The packaging is excellent.  I've ordered an unbelievable number of cases of jars of different types and only had one jar arrive broken.<br /><br />Ingredients per label: Water, organic apples, organic carrots, organic brown rice, organic lentils, organic canola oil.<br /><br />This has 70 calories, 10% protein, 100% vitamin A, 4% vitamin C, 2% calcium and 4% iron.<br /><br />I'm informed that the daily intake percentage is based on an adult.",Neutral,3,Positive,Positive,Negative,0.205,0.9553834795951843
"I found these crisps at our local WalMart & figured I would give them a try. They were so yummy I may never go back to regular chips, not that I was a big chip fan anyway. The only problem is I can eat the entire bag in one sitting. I give these crisps a big thumbs up!",Positive,5,Positive,Positive,Negative,0.127,0.9593673944473267
"Tasty, convenient bars for people with celiac disease. They seem to have gotten smaller over time, but the taste and convenience outweigh the reduction in size (and the price).",Positive,4,Neutral,Positive,Negative,0.0,0.7689037919044495
"This item, WERTHER'S SUGAR FREE HARD CANDY, if consumed, will give you - or your friends, loose bowels. I purchased 12 bags and discovered more than a bowel problem: You can't return them. Need a laxative? I have ten unopened bags you can have - for free.",Negative,1,Positive,Negative,Negative,0.197,0.0
"Use frequently as we like to do Asian dishes at least once a week.  Love this product.  Fast shipping, as usual.  Would buy again.",Positive,5,Positive,Positive,Negative,0.242,0.9756367802619934
These are better in England. I don't know why. Maybe it's just nostalgia on my part.,Neutral,3,Positive,Neutral,Negative,0.172,0.47082552313804626
I used to love these growing up and stopped drinking water and lemon juice from this brand about 5-6 years ago. This stuff used to be so strong i used to just pour some in my mouth and get that alive feeling going. It feels like the product went through changes which added more water or something to make it not so strong. The stronger it is the less you use as well. The product is still really good but the taste is the same quality as the cheaper brand names almost. I thought  these would go fast but hey all lemon stuff i love unless it goes bad. This is a good product just wish it still had that hit me in the mouth chug sensation it used to be like.,Positive,4,Positive,Positive,Negative,0.237,0.4925898313522339
Green Mountain is my favorite brand. Nantucket is my favorite coffee from Green Mountain. Very smooth flavor. Not too strong and not too weak.,Positive,5,Positive,Positive,Positive,0.27,0.974716067314148
"Kettle brand chips are very crunchy.  I would say regular plain old Lays potato chips are at the ""soft"" end of the ""soft/crunchy"" spectrum.  Ruffles brand potato chips used to be considered the crunchiest, but Kettle brand chips are far more crunchy.  If you have a tender mouth or bad teeth (dentures) you might want to steer clear of Kettle brand.  Otherwise, you'll love these chips.  The Sea Salt & Vinegar chips are super TANGY.  I enjoy taking swigs of vinegar bottles from time to time.  I am dissapointed with all other Salt & Vinegar chips either because the chips are too soft and/or the vinegar taste whimpy and/or chemically.  Rest assured Kettle Sea Salt & Vinegar has a gourmet flavor.  The vinegar flavor has no chemical flavor and could NEVER be called whimpy!",Positive,5,Positive,Neutral,Negative,0.16,0.0
"I started my cat on Felidae Platinum about 3 weeks ago and she loves it. She's an older cat, somewhat overweight, and had a grouchy temperament. I first mixed it with her previous food and she figured out which was which -- she ate the Felidae and left the old food! She's now been on just the Felidae for about ten days now, off the old food entirely, and she is a much sweeter, happier cat. I think it must agree with her better or be more easily digested, or something. In any case, I am a happy purchaser of Felidae. I don't agree with the previous reviewer that cats don't like it. Clearly, mine does.",Positive,5,Positive,Positive,Positive,0.171,0.915114164352417
"The taste of these white cheddar flat breads is like a regular cracker - which is not bad, except that I bought them because I wanted a cheese taste.<br /><br />What was a HUGE disappointment? How misleading the packaging of the box is. The photo on the box (I bought these in store) makes it look like it is full of long flatbreads (expanding the length and width of the box). Wrong! The plastic tray that holds the crackers is about 2"" smaller all around - leaving you with about 15 or so small flatbreads.<br /><br />What is also bad about this is that the company states they use biodegradable and eco-friendly packaging. FAIL! They used a HUGE box for a ridiculously small amount of crackers. Not ecofriendly at all.<br /><br />Would I buy these again? No - I feel ripped off. The other crackers (like Sesame Tarragon) give you a little<br />more bang for your buck and have more flavor.",Negative,2,Negative,Negative,Negative,0.098,0.0
"Arrived slightly thawed. My parents wouldn't accept it. However, the company was very helpful and issued a full refund.",Positive,4,Positive,Neutral,Positive,0.145,0.0
My poland spring driver gave us this new tea to try and<br />our family really enjoyed it. I looked at the ingredients and was quite pleased<br />with the natural ingredients and no calories.,Positive,5,Positive,Positive,Positive,0.163,0.9773300886154175
"Baby loved this one, but as he has progressed I had to cut this one out because it is too runny and if I have to move the spoon quickly out of the way of his grabby hands, it is all over! I think they could use a little less water maybe a little more potato to make it more the consistency of the turkey dinner one.",Positive,4,Negative,Negative,Negative,0.037,0.0
I just wanted to post here that I found small bits of plastic in this food as I was feeding my 9 month old.  Plastic!!! in food!!!! baby food!!!  So please be careful if you buy this or are considering it.<br /><br />My daughter LOVES this food-- it's actually her favorite.  This is the first time we have noticed plastic in it in over 2 months.,Negative,1,Positive,Neutral,Negative,0.186,0.0
"This product is amazing. I know a few people with little ones that use these and they LOVE them!! Super easy to clean and use. When ordering these, I was under the impression that there were 2 per package...FYI-they're not!! Only one per...",Positive,4,Positive,Positive,Positive,0.392,0.9500755071640015
"My son has had acid reflux since birth and has been on every medication available with no improvement, Until an older gentleman came into his work place and told him about this product and I automatically ordered it for him. I was really not expecting any better results than the 1000 other things we have tried. What a surprise! He has not had any heartburn or symptoms since day 2 of starting eating one piece of this Ginger each morning. He can now eat anything and actually enjoy it. This product was a God send for him. Thank you all for it!",Positive,5,Positive,Positive,Positive,0.125,0.44837144017219543
"I Was sent 3 week past ""Fresh by date"" stock. Chips are noticeably not fresh in taste. Won't order again.<br /><br />EDIT: And just to add to the dangers of expired stock one of the bags had a rat hole in it, black marks on inside of hole very obviously rat. unfortunately I put a chip in my mouth before I saw the hole.<br /><br />Very bad form amazon.",Negative,1,Negative,Negative,Negative,0.055,0.0
"I don't write very many reviews but I have to say that Kettle Brand chips are the best I have ever tasted.  Every flavor is dynamite.  If you are feeling iffy about honey dijon, I would recommend cheddar beer, absolutely amazing.  And they're healthy!  (besides a lil fat)  I have eaten a lot of chips in my day and Kettle takes the cake.  Enjoy, and don't eat them too fast.",Positive,5,Positive,Positive,Positive,0.322,0.9638565182685852
"When we received our Keurig Elite for Christmas, we were so excited to break open the sample pack of pods to try out different blends and flavors. Of the 12 pods we had in the box, four were Green Mountain Coffee brand. I'd never tried anything from this company before, but from what I had researched online, they have the largest range of Keurig pods and have even bought out competitors to produce coffee under their brand names as well.<br /><br />Unfortunately, I was immediately disappointed by the quality of the coffee. We tried their Dark Magic, Decaf and Breakfast Blend and all were underwhelming, to say the least. I was almost completely set on writing off Green Mountain altogther.<br /><br />We had one GM pod left and being of the mindset of waste-not-want-not, I figured I'd give it one last go around before forgetting about them completely. And I'm glad I did.<br /><br />The Nantucket Blend is a perfectly pleasing cup of coffee. It is nice and flavorful without being thick and pungent (unlike some of the other GM blends we tried). I added some flavored creamer to it and it almost measures up to our go-to Caribou Blend pods. Almost. All in all, this is a very standard cup of coffee which, while it isn't anything new or exciting, is very pleasing and definitely one of the better Keurig options we've been able to test out. When we run out of all the pods we've accumulated, I'll probably pick up a box of these as well.<br /><br />Now that I know Green Mountain isn't completely disappointing I'll definitely be open to trying a few more of their coffees (with our promotion for getting the bewer we ordered <a href=""http://www.amazon.com/gp/product/B004I3Y4IE"">Green Mountain Coffee Golden French Toast,  K-Cup Portion Pack for Keurig K-Cup Brewers, 24-Count</a> to try as well) and see how it goes from there.<br /><br />If you're looking for a go-to choice, this is your cup!",Positive,4,Positive,Positive,Positive,0.128,0.9240207672119141
These mints are really strong and have a great taste. They are also a convenient size to carry in a pocket or purse.,Positive,5,Positive,Positive,Positive,0.299,0.9831609129905701
"At first you think that these chips aren't all that Spicy, but the spice will grow on you with each bite.  They are really very good!",Positive,5,Positive,Positive,Positive,0.167,0.9580596089363098
"I have found this product, Kettle Chips Unsalted to be fabulous.  I found them by accident on Amazon after hunting all over my local stores.  They are crisp and tasty without all of the salt.",Positive,5,Positive,Positive,Positive,0.134,0.9737967848777771
"I liked getting this one for my twin 10-month olds because it has such interesting ingredients, particularly the zucchini and the garbanzo beans.  I like the fact that it's vegetarian yet I believe it has a complete protein since it also has brown rice.  This list of ingredients looks excellent and it's a green color naturally.<br /><br />The babies liked it.  They have liked everything that has carrots.<br /><br />I have the subscription for this one as I really like the ingredients and the fact that I'm giving the babies food that is naturally green.<br /><br />Ingredients per the label: Water, organic corn, organic zucchini, organic green beans, organic brown rice, organic carrots, organic garbanzo beans, organic canola oil.<br /><br />This has 70 calories, 8% protein, 40% vitamin A, 10% vitamin C, 2% calcium and 2% iron.  I've been informed that the percentage of daily needs met is based on an adult.",Neutral,3,Positive,Positive,Positive,0.164,0.979249894618988
"Halloween is over but, I sent a bag to my daughters class for her share. The chocolate was fresh and enjoyed by many.",Positive,5,Positive,Positive,Positive,0.362,0.9112072587013245
"Besides the obvious convenience and portability of the individual creamers, I liked this item specifically because of packaging. I couldn't believe how many reviews I read about coffee creamer cups; but many of the Amazon creamer options (both Coffeemate and International Delight) had multiple negative reviews due to the shipment arriving with broken cups thanks to sloppy packaging.<br /><br />That was not an issue here. The shipment arrived in four dispensing boxes of 50 each (as shown in the photo); those boxes were tightly packed in a thick cardboard box which could take a good beating before damaging the inner boxes. Thus, none of my cups were broken, no waste and no sloppy drippy mess. Plus the four boxes means I could put one in the kitchen, one in the bathroom (we moved our mini Keurig there when we upgraded the kitchen Keurig - best idea my husband ever had), and one at work, with a reserve for whichever runs out first.<br /><br />If you are looking for these mini creamers but deterred like I was by the negative packaging reviews on other options, this is your best bet. As a bonus, the auto delivery price is very reasonable.",Positive,5,Negative,Positive,Negative,0.129,0.8170901536941528
"My 1-1/2 year old basenji/jack russell mix loves this dog food. He's been noticeably healthier and more energetic since I switched him over from the standard dog foods earlier this year. Despite the higher cost of natural dog foods, I find that he eats significantly less of the Natural Balance dog foods and still stays happy and full. On the normal dog foods, he'd eat up to 3 cups of dog food a day (the recommended serving for his size), whereas he only eats about 1 cup to 1-1/2 cup of the Natural Balance dog food a day. When you take this into account, you're actually getting more ""bang for your buck"" with the natural dog foods since you don't have to buy as much to last just as long as the normal dog foods... and a healthier, happier dog, to boot! Add in the fact that you can get free, 2-day shipping with Amazon Prime... I'm sold!!",Positive,5,Positive,Positive,Positive,0.182,0.9293888211250305
I wouldn't even think of buying this product unless I know the price per unit. How can I compare other items online or in a store?,Negative,1,Neutral,Negative,Negative,0.0,0.0
"I don't think these coffee bags are as good as fresh ground fresh brewed coffee, but they taste far better than instant coffee.  At work, we have a water cooler with hot water dispenser.  This brewed in hot water just like a tea bag making tea tastes far better than any instant coffee.  I highly recommend it to any coffee lover when you have access to very hot water but don't have access to a coffee maker.  Individual wrapped and sealed bags allow you to take one tiny tea like bag with you in your pocket or purse to your early morning meetings.",Positive,4,Positive,Positive,Positive,0.259,0.8542200326919556
"I first found Steaz Berry Energy Shots at a local organic market. I bought two bottles, which cost just under three dollars each. I fell in love instantly. The drink is delicious -- I can taste the yerba mate and the acai juice, like a slightly bitter fruity chocolate honey tea. I am very sensitive to sucralose (Splenda) which is in so many energy drinks these days; I also hate the taste. I love that Steaz has actual sugar and no artificial sweeteners. The rush it gives me is slow and even. I have several medical conditions, including fibromyalgia, which saps me of energy and causes intense pain. I like how Steaz helps clear away the fatigue and fog so I can get things done. No caffeine jitters, even though there are 150 mg of caffeine in each bottle.<br />It was becoming expensive for me to buy the bottles separately at stores, so I started looking online for a bulk price. I am so thrilled to have found the Pack Of 12 on Amazon. I signed up for Amazon Prime specifically for this product, hah!",Positive,5,Positive,Positive,Positive,0.187,0.9329695105552673
"Please ignore the one-star comments, if you check the bag the main ingredient IS in fact whole grain brown rice and the second is rice flower. With anything that is gluten free you have to add another ""binder"" which is where the corn flour comes in. For someone who has celiac disease and cannot have Sunchips, because they contain wheat (a key binder to any chip, cookie or cereal) this is an excellent product. My spouse and I buy these a lot because they are gluten free and absolutely delicious!",Positive,5,Positive,Neutral,Positive,0.167,0.0
I love the fact that there is turkey being offered. This is my son's 2nd favorite dish. No issues with it and a good balance of nutrients.,Positive,5,Positive,Positive,Positive,0.303,0.9767988920211792
"Kettle brand chips are probably the best potato chips I've tasted thus far. They are thick, has a bite to them and I love their creative flavors. My favorite Kettle chip happens to be the honey Dijon. I think it's a great combination sweet, salty and tangy, perfect for one of those snack attacks when you don't know exactly what you want. I especially love the curled up chips for extra texture and crunch. These 2-oz bags are perfect for anyone who has a problem controlling portions (like me!).",Positive,5,Positive,Positive,Positive,0.311,0.9755265116691589
"These Kettle Brand potato chips in the Spicy Thai flavor really do taste like food I have eaten at a Thai restaurant. The ingredients listed include garlic powder, onion powder, parsley, jalapeno, and ""spices."" I'm not sure what other spices there are, but it sure tastes like lemongrass to me...yum. These chips are thick cut and very crunch. They come in a seriously heavy-duty bag. I tried to open it like I do regular chip bags by pulling the two sides apart; no way! The bag is so thick I wondered if it was plastic. I started looking for the scissors and decided that any company that put their chips in a bag this nice must have provided a way to open it. Sure enough, there is a small slit on the top and the simple directions ""tear here."" So easy. Why didn't I think of that.",Positive,4,Positive,Neutral,Negative,0.147,0.5114838480949402
"I've used maybe half a dozen bags of this tea in the last year and it is a delicious, consistently good quality black tea. Mainly I use it and several other Numi teas in my tea blends for making kombucha.",Positive,5,Positive,Positive,Positive,0.189,0.9724538922309875
"These chips taste awesome. And unlike most other flavored chips, they actually make sure that plenty of the flavory salty goodness gets on each individual chip. Just don't pass gas near any pretty ladies after consumption. They'll totally know it was you.",Positive,5,Positive,Positive,Positive,0.249,0.9543434381484985
Refer to the picture I posted above.  The bar is half the size you think it is going to be...It is literally a two-bite bar.  Very deceptive advertising.  That and the fact that they are ridiculously expensive is the reason for the one star.  My 10 year old son ate one and didn't like them. I ate one and agreed as did my husband.  Couldn't give it away!  Everyone has different tastes but these are no tasty treat as far as I'm concerned.,Negative,1,Positive,Negative,Negative,0.059,0.0
"A great healthy chew for my 9 wk old beagle, Rio. He loves the taste and it sure beats my arm.",Positive,5,Positive,Positive,Positive,0.46,0.9831047654151917
This is a real good product.I love these chips and so does my customers can't go wrong wit these the best,Positive,5,Positive,Positive,Positive,0.464,0.9854406714439392
I love this candy.  After weight watchers I had to cut back but still have a craving for it.,Positive,5,Positive,Positive,Positive,0.143,0.9210254549980164
"I have never been a huge coffee fan. However, my mother purchased this little machine and talked me into trying the Latte Macciato. No Coffee Shop has a better one and I like most of the other products, too (as a usually non-coffee drinker!).<br />The little Dolche Guesto Machine is super easy to use and prepares a really good Coffee/Latte/Cappuccino/etc in less than a minute (if water is heated up). I would recommend the Dolce Gusto to anyone. Too good for the price and I'am getting one myself! :)",Positive,5,Positive,Positive,Positive,0.267,0.9404876232147217
these are the best chips out there.. nothing can beat this taste. if you like honey mustard then you will definitely like this.. once you eat it you wont stop..addicting stuff,Positive,5,Positive,Positive,Positive,0.306,0.9797717928886414
"I don't know if it's the cactus or the tequila or just the unique combination of ingredients, but the flavour of this hot sauce makes it one of a kind!  We picked up a bottle once on a trip we were on and brought it back home with us and were totally blown away!  When we realized that we simply couldn't find it anywhere in our city we were bummed.<br /><br />Now, because of the magic of the internet, we have a case of the sauce and are ecstatic because of it.<br /><br />If you love hot sauce..I mean really love hot sauce, but don't want a sauce that tastelessly burns your throat, grab a bottle of Tequila Picante Gourmet de Inclan.  Just realize that once you taste it, you will never want to use any other sauce.<br /><br />Thank you for the personal, incredible service!",Positive,5,Positive,Positive,Negative,0.137,0.9375926852226257
"I've tried a variety of Ahmad tea. Not because I particularly like this brand, but they are just easier to come across.  The Imperial blend, I believe, is the most complex yet well balanced of all the ones I've tried. It's full body like a good cup of Assam, which by no means overpower the delightful, clean taste of Darjeerling, complete with a long lasting note of bergamot. I enjoy it best in the evening. It gives a satisfying and relaxing finish to a busy day.<br /><br />For those interested in the specifics: I use about 3 teaspoons of lose tea in a stainless steel infuser in a 16 oz mug, let it steep in 208F water for 2-3 min, take the infuser out, and drink it without sugar or milk to savor its sophistication.",Positive,5,Positive,Positive,Positive,0.266,0.9302878379821777
"Royal Canin was recommended for my dog, but since this line of dog food is specific to breed, it was difficult to find in stores.  PetsMart and Petco carried the Cocker Spaniel formula but only in smaller bags which is much more expensive on a per ounce ratio.  Finding a larger bag has been a great deal.  My cocker loves the food too!",Positive,5,Positive,Positive,Negative,0.173,0.437698632478714
"The energy shot truly does work! It had a terrible after-taste at first, but now that I know what to expect, I am getting used to it. I always have some water handy as a chaser...which helps! I am so glad to have found something that gives me the energy I need without all the chemicals found in other beverages. It's helped me kick my addiction to Diet Coke and other aspartame-laced caffeinated beverages. Yay!!!",Positive,4,Positive,Positive,Positive,0.239,0.8853867053985596
"I roast at home with a stove-top popcorn popper (but I do it outside, of course). These beans (Coffee Bean Direct Green Mexican Altura) seem to be well-suited for this method. The first and second cracks are distinct, and I've roasted the beans from medium to slightly dark with great results every time. The aroma is strong and persistent. The taste is smooth, velvety, yet lively.",Positive,4,Positive,Positive,Positive,0.143,0.8304126858711243
"These chips are VERY GOOD!! I couldn't stop eating them. They didn't last very long.<br /><br />The reason I gave them 4 stars, instead of 5, is because I think the bags are a little hard to open. I'm not sure why they need to make a potato chip bag that sturdy, you may need some scissors on hand to open them much easier.",Positive,4,Positive,Positive,Negative,0.203,0.8451653718948364
"we have fed our cats a lot of stuff. These 2 boy cats are not picky eaters. They loved the Purina. They loved the Nutro. They loved the Iams. They love whatever we feed them.<br /><br />This review is based on what we, their affectionate owners love. After a certain age, we were instructed by the vet to consider senior foods- and lower carb foods, because the catties were fatties. We tried a few types of food. Some evinced no change. Some made the litter super-stink.  Some had too small a kibble and the cats barfed it up because they didn't have to chew it to swallow it...<br /><br />This Felidae has done the trick. No problems to speak of. It is consistent in the litter and bearable on the nose. The cats love it. The kibble is sized appropriate to chewing. And here's the kicker:<br />After feeding the cats Felidae, their demeanor improved. Their coats are super soft and lush- both are new improvements we can directly attribute to this food. We're now loyal Felidae consumers.<br /><br />Additionally, the absence of corn product in the feed seems to lessen or remove the reactions of our friends with cat-allergies.",Positive,5,Positive,Positive,Negative,0.194,0.725858747959137
"Kettle chips are thicker and crunchier (though greasier at times) than other chips, and the honey dijon flavor is great.  They don't have the overwhelming salty taste some cheaper chips have, and the 2oz size is great for an adult size snack.",Positive,5,Positive,Positive,Positive,0.17,0.9421038031578064
"I bought these chips, and wanted to try if they were tasty. It sure is!  Unique and different flavor and the right thickness.<br /><br />It remains crunchy, spicy and flavorful with a hint of tabasco and paprika sauce for heat. There are some rice granules embedded with the tortilla chips. However, some of the spices are lacking from this chip. But I liked this very much.<br /><br />I would recommend this to anyone who wants to try a red beans and rice tortilla chips. Go ahead-- you can put other ingredients as nachos except the cheese.  Maybe some el pastor, shredded meat, tomatoes, etcetera.",Positive,5,Positive,Positive,Positive,0.084,0.9705052971839905
"I really like this product and taste great with the coffee or tea, and I have lost weight by cutting the sugar and replacing it with the honey and Agave nectar.",Positive,5,Positive,Positive,Negative,0.193,0.9771572947502136
"Pocky is an incredibly good snack, but more than that, I was impressed with Very Asia's packaging. I had stupidly ordered something as easy to melt as chocolate in the dead heat of summer. On top of that the package of dessert pocky I ordered in 100 degree weather melted into this liquid goo. T_T So of course I was expecting all the pocky in my 10 boxes to be melted away, but they took the special care to put the pocky in a box reading ""PROTECT FROM HEAT"" and my pocky arriving in perfect condition! (Well, they did stick together just a bit). I love Very Asia more than anything now.",Positive,5,Positive,Positive,Positive,0.256,0.758778989315033
"These Albanese gummi bears and rings and so on are very good and tasty and high quality. The bears even have little faces. At my local candy store this type of gummi stuff (bears, rings, snakes, balls, worms, whatever) are about $10/lb. These twin packs of 4.5 or 5 pound bags is a screaming deal as far as I'm concerned. I'm probably 50 pounds deep in these friggin' things. Consumed!",Positive,5,Positive,Positive,Negative,0.048,0.8851950764656067
"Kettle Brand chips used to be so good...oily, crunchy, flavorful. I suspect the company has been bought out and the recipe has been changed for the worse. Now they're no better than any other big name brand chip. Try the Good Health Kettle Style Olive Oil chips instead. They are as good as the Kettle Brand once was. R.I.P., Kettle Brand chips. :(",Negative,1,Negative,Negative,Positive,0.117,0.0
"I first bought pickled asparagus at an Amish market and it was love at first bite. Hence, when I saw these on the discount rack at the local Safeway I cleaned it out.  These are even better than the ones from the Amish market. They are fantastic, and some of the jars have a bonus clove of garlic at the bottom. I'm going to order the six pack and I'm a household of one. They wont go to waste!",Positive,5,Positive,Positive,Positive,0.196,0.9725243449211121
"But if you happen to, like me, there is no better sea salt and vinegar chip I've found in this country.",Positive,5,Positive,Positive,Negative,0.254,0.0
If you love jalapeno chips then Kettle is a must try.<br />Nice and cruncy with the kick of jalapeno.<br />Delicious.<br />Addicting.<br />Recommended.,Positive,5,Positive,Positive,Negative,0.174,0.9567670226097107
"I can honestly say this is the worst frosting we have ever bought. It's kind of generous to call it frosting, it has more the consistency of rubber cement. And since we were in a time crunch, we didn't have the luxury of going back out to the store for a different frosting, so we forged ahead and decorated a cake with it. Horrible experience, bad enough to put us off cake decorating forever. It spread about as easily as chewing gum, stuck to everything it came in contact with, and got crumbs of the cake mixed up in it. On top of all this, it didn't even taste good. By the time we were done decorating, we knew there was no way we could feed this mess to our family. So we ended up going to the store anyway to buy a pre-made cake. Our cake, which took twice as long to decorate because this stuff is so gooey, was used as a centerpiece. A really ugly centerpiece, that cracked and peeled as the frosting dried.",Negative,1,Negative,Negative,Negative,0.053,0.0
"I was looking for a natural energy shot that works, and I found it. Steaz energy shot is my favorite!<br /><br />I recently had gastric bypass surgery, so tons of sugar is a no-no. And I'm also allergic to Sucralose (Splenda) so most other energy drinks are out.<br /><br />I tried Bazi energy shots and they didn't work as well as Steaz, and definitely didn't taste as well. These have a taste that's almost like Coca-Cola--not bad at all.<br /><br />If you're looking for natural energy, give these a try.",Positive,5,Positive,Positive,Negative,0.205,0.8803593516349792
I bought these for my husband and he said they are the best energy shots out there. He takes one in the mornings and works hard all day. Good stuff!,Positive,5,Positive,Positive,Positive,0.264,0.9808293581008911
"I like ""Vernor's"", and drink it all the time. It is old fashioned drink from Michigan, since 1866, and the labeling was known for its lovely green and gold colors and the gnome character. If you look at the can it is actually called ginger soda instead of ale and is different than typical ginger ale in taste. Vernors has a strong vanilla presence, is smoother and more moist, and sweeter than a ginger ale. It is closer to a cream soda than ginger ale, very good. A ginger ale is more dry, higher in carbonation, and has a spicier bite to it. Vernors has 39 grams sugar per can, versus 33 grams per can for Schweppes Ginger Ale. Neither has caffeine.<br /><br />The recipe has changed a bit over the years mostly in the choice of sweeteners. They use the same high fructose corn syrup that the cost-cutting mega soda companies use, rather than the cane sugar they used to use. The down side to that is that the corn syrup syrup drowns out some of the flavors. Many microbrews are using cane sugar again, although it costs more, to get a better taste. Vernor's is still aged in oak barrels for 3 years, no doubt accounting for the smoothness. All in all a great soda for anytime. The soda is also known, like other ginger drinks, for its use as a home remedy for an upset stomach.<br />Vernor's is a regional soda, and there are many areas of the country you can't find it in. That is why it sells here. They may be selling it in glass bottles again soon, at least there is a page that says so the day I am writing this comment. Search at Amazon for ASIN: B001JK2SEG to see what I mean. Vernors has quite a history, and there are two books at Amazon about the soda. The first is Vernor's Ginger Ale (Images of America: Michigan) ISBN-10: 0738551856. The second book is ""The Vernor's Story: From Gnomes to Now"" ISBN-10: 0472066978 a book about the company's marketing green and gold packaging with the famous gnome, and Vernor's fans.",Positive,5,Positive,Positive,Negative,0.071,0.9399276375770569
"I ordered this for my wife as it was reccomended by our daughter.  She has this almost every morning and likes all flavors.  She's happy, I'm happy!!!<br /><a href=""http://www.amazon.com/gp/product/B001EO5QW8"">McCANN'S Instant Irish Oatmeal, Variety Pack of Regular, Apples & Cinnamon, and Maple & Brown Sugar, 10-Count Boxes (Pack of 6)</a>",Positive,5,Positive,Positive,Positive,0.144,0.9825724363327026
"Package arrived DOUBLE boxed, wrapped, and the inside box(that holds the goods) perfect not a single dent or rough mark, outstanding packaging.<br /><br />The Product?<br /><br />These are the best chips on the planet, Salt 'N Vinegar flavor is beyond among the best chips I've ever had. You might, actually I'm sure you probably won't like it AT FIRST BITE 'IF' you have never had these before. But try it again.<br /><br />Not to mention, this particular flavor has held up in numerous surveys and comparisons against other manufactures.",Positive,5,Positive,Positive,Positive,0.123,0.9400045275688171
"You HAVE to try the VANILLA Tootsie Rolls!  The regular chocolate ones are good, but THESE are the BEST EVER!!",Positive,5,Positive,Positive,Positive,0.351,0.980263888835907
"thesedon't like hot food they might be a bit much for you. They have a great balance of sweetness and spice. Of course, Kettle Chips are just good chips - they use good oil to make them and even the plain ones are tasty. I also like that they are ridged chips - those are usually too crunchy and hard to chew for me - I don't want to have to work that hard for my deliciousness. If you like spicy barbecue you will definitely like these chips.",Positive,5,Positive,Positive,Positive,0.188,0.7509298920631409
"For those of us on a low carb diet these little tablets are just the thing.<br /><br />Two years ago I started cycling again after many years but was having heart arrhythmia after longer rides in high heat.  I was drinking plain water but did a little research and thought electrolytes might be the issue.  Gatorade wasn't an option because it is so loaded with carbohydrates so I looked around for a low-carb alternative.  The ""zero carb"" sports drinks didn't help so what to do?  One day I ran across these at my bike shop so tried a tube of them.....voila!...problem solved!!<br /><br />I've shared them with two friends in particular whose problems with leg cramps were resolved while using these.<br /><br />These guys got it right -- they are superbly formulated and simply work.....",Positive,5,Positive,Neutral,Negative,0.073,0.0
"Can't say anything bad about Sugar in the Raw.  I like it better than the other ""natural"" sugars. Better consistency and - I know it doesn't matter - but better color. Unfortunately, one of the ""natural"" paper bags got torn a bit in the box.  It didn't look like the box was damaged so I can't tell how it happened, but it was sort of pain to clean up half a bag that spilled all over the inside of the box and our kitchen when I opened it.  Not sure what the solution is and I'd order it again, but if it happens again, I'd switch to one of the brands that ship in an unnatural plastic bag.",Positive,4,Positive,Neutral,Negative,0.157,0.0
"I purchased the Mango flavor, and to me it doesn't take like Mango at all.  There is no hint of sweetness, and unfortunately there is a hint or aftertaste almost like licorice.  I've been consuming various sports nutrition products for decades, so I'm familiar and have come to like the taste of the most of the products I've tried.  The mango flavor is one of the least appealing I've tasted.  It's not terrible, but it's bad enough that I notice the bad taste every sip I take.",Negative,2,Negative,Negative,Negative,0.041,0.0
"service was great, but I meant to buy Swiss Chalet chicken SAUCE not the Marinade :)<br /><br />Love the sauce - have yet to try the marinade",Positive,5,Positive,Positive,Negative,0.096,0.9026404619216919
They are good but wish they were also baked. Have not found baked no salt potato chips anywhere. If there are any I wish someone would post.,Positive,4,Positive,Neutral,Negative,0.341,0.0
"Not hot at all. Like the other low star reviewer, I got suckered by seeing 'habenero' in the name and the 12 oz size. Some people might like the flavor, citrus-y and it has some fish sauce in the mix (according to the ingredient label), but if you're looking for hot this ain't it",Negative,1,Neutral,Negative,Negative,0.062,0.0
We like these chips for salsa and quacomole better than any other cips on the market. They are even great by themselves. We will order these as long as they are available. Thank you for making them accessable.<br /><br />  Shelly Kenyon,Positive,5,Positive,Positive,Positive,0.24,0.9778467416763306
"My bottle arrived just in time for a sushi dinner and game night planned with friends.  I had three soy sauces to choose from.  After some sampling we were all using the Bluegrass!  Everyone enjoyed the light smoothness a subtle sweetness.  We were splashing right on every piece, rather that dunking/dipping. Friends wanted to know where I found it. I'm going back to order more right now, and I'll be ordering 3 extra bottles because they are going to make a great little gift that's affordable and unique; instead of the traditional bottle of wine that so common it's boring.",Positive,5,Positive,Positive,Positive,0.18,0.9251900911331177
"Even though we are International Delight fans we were not completely dissapointed by this product. We had no problem with the shipment, but the creamer itself is thinner than International Delight. Other than that we are happy :D",Positive,4,Positive,Positive,Negative,0.342,0.9029639363288879
"I have been using porcini mushrooms in my cooking for twenty plus years. The Roland extra fancy porcinis that I purchased from you are the best that I have ever used, including the mushrooms that I bought in Italy and transported back to the USA.",Positive,5,Positive,Positive,Positive,0.095,0.9639928340911865
"OK,I did read the reviews which ranged from splendid to awful. I took the plunge as I do like salty, and tangy flavors. No, I had never had these before I took the leap and ordered a case at a super price. They arrived quickly and in great shape with the sell by date  FEB 2011. Umm, I'm in the middle on these chips, they are OK but not something I can't live without. I love the crunch, the color, NO TRANS FAT. They are a little too vinegary for my taste, which is a lot coming from a kid that grew up eating pickled hard-boiled eggs and pickled pigs feet.<br /><br />I haven't tried them with a deli sandwich and a cold mug of beer which might improve the experience :)",Neutral,3,Positive,Positive,Positive,0.164,0.6128998398780823
"I first discovered Kettle Chips with sea salt and vinegar while shopping at Trader Joe's with my daughter Mindy.  I couldn't believe how tasty they were; the best chip I had ever eaten.  It was love at first bite, and I've been munching them ever since.<br /><br />Other things in their favor: they're thicker than other chips, so don't crumble as I'm devouring them; they're delightfully crunchy; and the salt-and-vinegar combination is heavenly.  I tried to create an original line to describe this palate-pleasing taste treat, but couldn't beat what the manufacturer said: tongue-puckering tang and crunch.  Isn't that poetic?<br /><br />As for health values, since Kettle Chips are not peeled during preparation, I'm getting more nutrition, such as potassium and vitamin C.  My mother would approve of that, and the fact that they're hand-cooked in small batches.<br /><br />I often enjoy Kettle Chips as an afternoon snack with my favorite soda or iced tea, but they're also delicious with a tuna sandwich or a hot dog for lunch.  Well, actually Kettle Chips go perfect with everything ... except ""sweets,"" of course.<br /><br />My only problem is that they're so delicious I can't stop eating them.  That's the reason I chose these smaller packets; I figured 24 could last me almost a month, if I was a good girl, kept my appetite under control--and hid them from the kids!  For the sake of fewer calories, I try hard and have succeeded so far.  It isn't easy, but ...<br /><br />Have I told you how much I love them?<br /><br />Reviewed by: Betty Dravis, 2008<br />Millennium Babe: The Prophecy",Positive,5,Positive,Positive,Positive,0.217,0.9770550727844238
"A friend who'd been drinking tea for 80 of his 84 years introduced me to this tea a few months ago. Even took me over to the store and bought me a pound. At $7/lb. in a retail store or a little over $9 with shipping from an online merchant, I think it's great. I've been drinking Earl Grey, English Breakfast, Irish Breakfast, Lapsang Souchong, Assam, etc. Most of them were over $30/lb. with shipping. Aside from the Lapsang Souchong, I think this is a great replacement for all the rest. Has everything I'm looking for in a strong, full-bodied black tea with enough character to keep it from becoming boring. My current favorite afternoon tea. Unless you're extremely jaded or a tea snob, you'll love it.",Positive,5,Positive,Positive,Negative,0.167,0.9258647561073303
"These cookies were fun to paint but not too tasty to eat!<br />The kids did not really care much, but it might have been<br />more fun if they could have eaten them.<br /><br />They really had fun coloring them!",Positive,4,Positive,Positive,Negative,0.231,0.9295825958251953
"These are the strongest tasting salt and vinegar chips I've had.  I could still do with more vinegar flavor, but I think this is as close as I'm going to get without dousing them with vinegar powder myself.<br /><br />I did a side by side with the Cape Cod salt and vinegar and these are about twice as flavorful.  Additionally, as other reviewers have said, they have quite a good bit of potassium in them (somewhere in the neighbor of 15% RDA per serving).",Positive,5,Positive,Positive,Positive,0.074,0.9222737550735474
"This is one of the best choices, in my opinion.  I also adore Amazon, but they need to negotiate a better price for their Tassimo Disks.  These are available at BedBath & Beyond for $10. and I always get 20% off which brings it down to $8.00 --- they were $7.50 (before the 20% off readily available coupons) until about 3 months ago.  Again, this is an excellent blend with full flavor - not bitter - I think it's my favorite.",Positive,5,Positive,Positive,Positive,0.251,0.9612188935279846
Natural Balance Dry Dog Food Lamb Meal and Brown Rice Recipe did wonders for my Jack Russell. She has awful food allergy's and this food was our last hope because it was the last food we could find that didn't have SOMETHING in it that she was allergic to. She has no problem eating it dry but normally I mix the Natural Balance Dry Lamb and Brown Rice with the Natural Balance Wet Lamb and Brown Rice.. she seems to like that better. We started feeding it to our other dog (a Bichon) too and she loves it. If your dog has allergy's or stomach issue.. or if you want your dog to eat better food-- this is it! You will see a difference in your pet.,Positive,5,Positive,Positive,Positive,0.19,0.6713775992393494
"I have used the endurolyte product for several years in both pill and powder form.  Long desert rides on the dirt bike always found my camelbak water heavily laced with the endurolyte powder, not overly tasty, but quite effective, as I never got a cramp on these several hundred mile rides.  Same for desert racing in the buggy, the camelbaks were always laced with the powder.  Now we have the Fizz...what a great product!  Firstly, its Hammer's endurolyte product so it's great, endurance athlete's the world over use their products. Second its convenient, handly tablets that dissovle in a fizz.  Third it tastes great! Imagine getting a nice cool drink when your body is starving for hydration and electrolytes and rather than getting a ""salty"" taste, you get a refreshing lemon-lime or mango!  The camelbaks always get the Fizz now.  I also drop a tablet in my bottled water whenever I exercise and have a nice flavored water chock full of electrolytes. I cannot recommend this product or any hammer product highly enough.",Positive,5,Positive,Positive,Positive,0.179,0.8403466939926147
My 7 year old Cocker Spaniel loves this food and it's good for him -- he needs to lose a few pounds and this is doing the trick.  Glad I found it on Amazon.  Hard to find elsewhere.,Positive,5,Positive,Positive,Positive,0.253,0.9608038067817688
"""Yeast Extract"" is listed as an ingredient. Sounds harmless, right? Specifically, these chips contain autolyzed yeast extract, which is, on a chemical level, monosodium glutamate. It's just derived from a different source, but it has all the same toxic properties. Kettle still advertises their products as containing ""No MSG"" while they acknowledge that their chips are not safe for people with MSG sensitivities.",Negative,1,Negative,Negative,Negative,0.023,0.0
"Popchips are so good.  I have been following Weight Watchers and lost 50 pounds and am at my goal.  These Popchips are my salty crunchy indulgence.  They taste so  good,",Positive,5,Positive,Positive,Positive,0.209,0.9775776863098145
My baby loves Rice and Lentil and is one of her favorite things to eat.  If we are going somewhere I won't be able to warm the food she will eat this one cold.,Positive,5,Positive,Positive,Negative,0.223,0.7729098200798035
"These Nature Valley Nut Lovers Variety Pack was perfect. Although I wasn't sure about the peanut butter bar, it was excellent. I loved the Roasted Almond, Roasted Pecan and the Peanut Butter.<br /><br />I will definately buy from this seller again. Quick shipping and very fresh.",Positive,5,Positive,Positive,Positive,0.302,0.9735704064369202
"I want to like Kettle because they contain no corn oil or soybean oil (which are both GMO, and also my kids are allergic to corn and soy), but darnit, these things bite back! On the plus side, the sharpness of them may keep you from mindlessly enjoying too many. On the minus side, a mouthful of cuts and scratches is not worth it. Do they have to be SO hard and crunchy? What's wrong with simply light and crispy? I vastly prefer Lay's texture, but suffer with Kettle due to the absense of GMOs and corn/soy. I wish they'd come out with something less harsh on the mouth, though.",Neutral,3,Negative,Negative,Negative,0.086,0.0
"These biscuits are delicious, not too sweet, with just enough crunch.  We love them.  Quick delivery. We would order them again.  Very satisfied.",Positive,5,Positive,Positive,Positive,0.339,0.988132655620575
"These chips are greasy and taste burnt-there is grease in the bottom of the bag and the chips are saturated with it (especially at the bottom of the bag. Even if they are trans fat free, they need to be a lot less greasy.",Negative,1,Positive,Negative,Negative,0.073,0.0
"I first tasted Sassafras tea in a local restaurant and really liked it.  So I started looking in grocery stores and online for it in a teabag form.  After several weeks of investigation I called the restaurant and asked what they used to make the tea.  I was told is was Pappy's Sassafras Concentrate.  I looked online and found it at Amazon.com.  As I was ordering it I also saw the Sassafras Teabags.  I thought I'd order a box to try.  I was very dissapointed.  It didn't taste like the flat rootbeer I was expecting.  It was more like black licorice, which I hate, with a very mild rootbeer undertone.  It also didn't have the distinctive red color that you get by steeping the sassafras root.<br /><br />I've never had real Sassafras tea made with the root so I don't know if the teabags are more like the real thing or not.  Bottom line:  I won't buy the teabags again.",Negative,1,Negative,Positive,Negative,0.02,0.5863798260688782
"Besides being smaller than runts, they look the same and have the same consistency.  Unfortunately, they taste nothing like banana runts...nor do they even taste good.  Yucky stuff.  Trying to return with vendor.",Negative,1,Negative,Negative,Negative,0.074,0.0
This is the only food my daughter will eat consistly. She really enjoys it. The packaging is great. Never had any broken (having ordered 4 times).,Positive,5,Positive,Positive,Positive,0.318,0.9760525226593018
"I once loved these chips and they were the only chips i would buy.  I discovered them when I was in England back in 2000 and quickly became a fan.  About a year ago I picked up a bag that was on sale at my local supermarket.  I was finding it odd that they were on sale so much but took advantage of it.  After opening the bag I found the chips were not even close to the Kettle chips I was used to.  They were all uniform whitish yellow in color, flavor was way off, the lovely extra crisp brown chips were gone completely and I was very disappointed.  So I e-mailed Kettle with the following:  ""What Happened? I bought this bag of chips the other day and they have a very different taste; It tastes ""cheaper"". I don't know how else to put it... I also noticed that the chips seemed to be less cooked as I did not see any of the browner colored chips that have the most flavor. I am hoping that nothing has changed with the ingredients or process used to produce this product. Did I just get a weird batch? I have been buying only Kettle Chips for about 10 years now so I am wondering.""  I did receive a reply: ""Thanks for letting us know about your experience with your Kettle Brand Chips. It sounds like you may have received a bag that should not have slipped by our inspections, and we apologize.Our potatoes do vary seasonally which could account for a variation in color-but our chips should still taste great!Thanks for providing us with the ""best before"" code from the bag.  This really helps when passing on your comments to our staff.<br />We are sending some coupons to replace your purchase with any of our Kettle Brand flavors or nut butters, believing you will have a great experience with your next purchase! In case you buy this product again, we suggest avoiding the same best before date (if you still have it) in the rare instance another bag from the same case slipped by our inspections at the same time.<br />Thanks again for letting us know about this and expect the coupons to arrive within 3 weeks.  Please let me know if I can be of any more help.""  Well the next bag was good.  Since that time I have picked up 3 bags of chips all were like the ""bad"" bag so I am pretty sure that they have changed there product to reduce cost.  I did some research and found out that Kettle was bought out by a private equity company.  So the same cookie cutter management processes are probably being employed at Kettle.  Acquire company with high quality brand recognition, sell product to mass merchants, lower quality/cost of product to increase margin and finally sell company just before the customer base starts to realize that the brand is no longer a quality brand.  increased profits make the company more valuable on paper so they make a nice profit for the investors. Customer and employees lose out of course as does an unsuspecting buyer of the exploited brand.  Stay away from Kettle chips they are no longer the same...",Negative,1,Positive,Positive,Negative,0.15,0.8269971013069153
"I bought this for my one year old Cocker. However all the dogs love it. All their coats look better, they all shed less, eat less, use the bathroom less, my Cocker used to have this one chronic ear since the time I have had her as a puppy that it just gave her problems. It seems to have cleared up, no more smell. Her eyes give her less problems. And my 7yr old Yorkie he eats less, he used to throw up all the time had the most sensitive tummy. Our black lab mix, hot spots and she would just lick her fur off. All these great changes in a matter of a month.  I do mix it roughly 50/50 with Naturals dog food blend.  They are doing great.<br /><br />Sept 2012<br />I love this breed specific food, however I just went to place my next bi-monthly order and I am shocked at the price hike in just over a month!  I paid<br />$41.79 on Aug 3 for a 25lb bag and here it is Sept 20Th and the price has is now $53.94, a difference of $12.15 in price!  This is a huge amount to go up considering that I am assuming this is a price gouge; due to the speculation over crops :( I will look to my local vet for this product. I can get a large bag now less at Petco as well with the discounts they offer. They will order a larger bag if you ask.",Positive,4,Positive,Positive,Negative,0.09,0.7383623719215393
"This is a great product for those looking for an MSG and Gluten free product, and is also lower sodium than any other marinade or soy sauce out there! It doesn't compromise of taste either, I use it as a Soy Sauce substitute and have found it to have superior taste and it looks and acts just like any good marinade should. If you are Celiac or Gluten intolerant, or even just watching you salt intake, this product is a way to have your steak and marinade it too!",Positive,5,Positive,Positive,Negative,0.172,0.9652922749519348
"If some other yahoo deems it ok to give give a suck review to this stuff because he doesn't like the taste, I feel I must assert that in this -as in all matters of taste- ""De Gustibus Non Disputandem Est"".<br /><br />I really love this gum. OK it doesn't really taste like strawberry, but it's still delicious. It has a wonderfully smooth consistency about halfway through, but then it gets tired, stuff, and squeaky.<br /><br />You'll forgive the squeaks perhaps when you find, as I did, that this stuff is a wonderful dietetic aid. By obsessively chewing this product I filled my gut with odorless room air and so helped me lose 25# in 3 months.<br /><br />Also, it doesn't lose its flavor on the bedpost overnight.",Positive,5,Positive,Positive,Positive,0.171,0.0
"My dog has a ton of allergies both environmental and food. She was on a prescription dog food before we had her tested to see what allergies she has. After we got the test back, we learned she was allergic to something in the prescription brand. So I finally found this dog food and she has done so well on this! She still has her environmental triggers, but I am happy she can finally eat something I know won't cause her pain.",Positive,5,Positive,Neutral,Positive,0.126,0.0
"I love Kettle Brand Chips!<br />I've been in love with the Honey Dijon for years and decided to try out their other flavors.<br /><br />Sea Salt & Vinegar Chips are TANGY, SOUR, and make my lips pucker when I eat too many at a time.  I got 12 big bags for a steal from amazon ($11 WHAT?!?).<br /><br />Personally, the flavor is too much for me, but my mom & aunt LOVE them and they hate potato chips.",Positive,4,Positive,Positive,Negative,0.166,0.9478034377098083
This  is great stuff.  Made some really tasty banana bread.  Good quality and lowest price in town.,Positive,5,Positive,Positive,Positive,0.297,0.9852241277694702
"We can't have any kind of coffee maker at work, so we're forced to buy at the in-house coffee shop or Starbuck's across the street. In this economy, no one wants to pay those high prices, so we started a coffee club. 20 of us buy these coffee bags and separate creamer and enjoy fresh, hot, tasty coffee every day without paying the coffee shop prices. thanks Folgers!!!",Positive,5,Positive,Neutral,Negative,0.12,0.0
"The first time I tried these, I thought, ""WOW!"" but I quickly found they were just too darn spicy and tart... Hard to enjoy the potato-chippiness of them when your mouth is under seige.",Neutral,3,Positive,Negative,Negative,0.13,0.0
"I purchased it because it was on sale. In terms of the energy it provides, it works, but the taste leaves something to be desired. I tried mixing it with some water to make it more drinkable.",Neutral,3,Positive,Neutral,Negative,0.113,0.0
"My brother bought me a pound of this coffee for Christmas.  He told me that ""weaver"" was the original roaster for Pete's coffee, he eventually split off and started his own roaster.  Well let me tell you the stuff is delicious!  I've never been married to a brand of coffee, usually would buy the Starbucks 2.5 lb bag at Costco, or whatever looked good at Trader Joes, but Weavers is in a class of it's own.  I'm subscribing to guarantee I can have this stuff delivered to me regularly.  TRY IT!!",Positive,5,Positive,Positive,Positive,0.117,0.9339638948440552
"I buy mostly for vending, so the size of the bag is important. Kettle's 1 oz bag is a good size although it seems a bit less than full. Salt & Vinegar flavor is satisfying, about an 8 out of 10.",Positive,4,Positive,Positive,Positive,0.194,0.8685068488121033
"<a href=""http://www.amazon.com/gp/product/B000GWLUGU"">Plocky's Tortilla Chips, Red Beans 'N Rice, 7 Ounce Bag (Pack of 12)</a>  I first tasted these chips while visiting relatives in KY.  They are not available where I live, so I ordered them from Amazon.  WOW!  My friends and family are all addicted to them.  The spicy flavor grabs you at the first bite.  Once a bag is open, it is gone!",Positive,5,Positive,Positive,Positive,0.15,0.8886123299598694
"These are healthy and my mixed Llasa, Tibetan Terrier adores them. And they are healthy and his breath doesn't smell and his teeth are in good shape because of such products. A great healthy product.",Positive,5,Positive,Positive,Positive,0.387,0.9784139394760132
"The recommendation when we bought our puppies (lhasa/bichon mix and lhasa/poodle mix) was that we continue them on the food that they have had since being weaned. This is a somewhat expensive food so I can't say that we were terribly pleased but we loaded up on the stuff and headed home.<br /><br />Let me just say this, I have had small dogs before. Never have I seen such gas issues. Both of them consistently had foul gas. Consistently. Usually when they're sitting on our laps but, you know. They're dogs.<br /><br />When we got through the first bag of this stuff, we purchased more on amazon. It was a great price for it since we got a 40 lb bag for the price of (I think) a 15 lb bag at Petco. But, they continued to have gas. I mean, they loved the food, don't get me wrong and they loved it more when we'd mix in some water and it would be like soft food. Somehow that made their gas worse but I think I'll have to give that responsible to the speed with which they chowed down- can't blame the food itself for gluttony.<br /><br />Eventually, we switched their food. No more farting. I think it was due to the high fat content which undoubtedly is necessary for very small puppies. They just need that in their diet. I think that we were advised to keep them on it for much longer than was useful (they said up until 1 year). Yeah right, you try dealing with gas for that long. Around 6 mos of age we switched to PuppyChow. Much better. Granted, they don't like it as much, but we humans like it a whole lot better.",Positive,4,Positive,Neutral,Negative,0.174,0.0
"I have loved Kettle Brand Sea Salt and Vinegar chips since the first time i tried them.  The fact that i was able to find them on-line for such a great price, was wonderful.  I would definitely make the purchase again.  THey are a quick and simple snack for lunch and it goes great with my cold sandwich.",Positive,5,Positive,Positive,Positive,0.282,0.9826245903968811
"Only 5mg sodium per serving, chips are crisp.  I sometimes will dip in a low salt ketchup and that adds a bit to the flavor.",Positive,5,Negative,Neutral,Positive,0.0,0.5473424196243286
"I usually love Kettle Chips, and love salt & vinegar, but these chips were way too vinegary for me! They do have the typical kettle chip crunch, but are too aggressively flavored for my taste.",Neutral,3,Positive,Negative,Negative,0.143,0.0
"I think the Pocky did not get stored rightly. The chocolate was falling off from the biscuit stick, and doesn't taste as it should. Many of them stick together, and whenever I want to split them up, it just becomes very messy. Now I need to clean up my desk every time after I have it.",Negative,2,Negative,Negative,Negative,0.071,0.0
the first time i ordered this it came all melted but amazon was quick to remedy the situation by sending me another of the product and it was great thank you,Positive,5,Positive,Positive,Positive,0.289,0.8974453806877136
"These are the best spicy chips I have ever had the pleasure of eating.  They start off sweet, then as you eat more the spice builds up.  They are fantastic.  If you don't want to commit to a whole case, pick up a bag at your local Whole Foods first, then stock up here when you realize how amazing they are.  Got my case right here, and loving every bite.  On a side note, this brand (Kettle Brand) has many delicious varieties- this is just my personal favorite.  I also highly recommend: Backyard BBQ, Honey Dijon, Sweet Onion, Buffalo Bleu, Salt and Pepper and Death Valley Chipotle.  Lays aint got nothin on Kettle Brand!!!",Positive,5,Positive,Positive,Positive,0.257,0.9721809029579163
"I recently started using Bob's Red Mill Baking Soda.  I'm very pleased with it's performance and I can be sure that it is not contaminated with aluminum.  Thanks, Bob!",Positive,5,Positive,Positive,Positive,0.266,0.9721657037734985
Love this sugar.  I also get muscavado sugar and they are both great to use in place of regular white sugar. Recommend!,Positive,5,Positive,Positive,Positive,0.381,0.9847574234008789
"BLACK MARKET HOT SAUCE IS WONDERFUL.... My husband Loves this Habenero sauce, its very very flavorful with a nice kick to it. I in fact love the medium sauce- the taste is so yummy with a bit of zing behind it. We used it for everything and you can use it with any meal.<br /><br />I like the fact that there are so many different levels of spicyness. We love the medium & habenero. Kind of like a ""HIS & HERS package"". Thank you for your hard work guys! Keep up the hard work.",Positive,5,Positive,Positive,Positive,0.253,0.9857909679412842
"Someone brought these to a party we had last month and I didn't put them out because the buffet was full and didn't think anyone would like saltless potato chips.  Last week we had some friends over and these were all I had in the pantry so I put them out.  OH MY GOSH THEY ARE SO GOOD!  I was so wrong to think they would be bland; they are full of real potato flavor, wonderfully crisp and very fresh tasting.  I am here on amazon to buy a case, I only want to have these with dips.  Truly delicious!",Positive,5,Positive,Positive,Positive,0.26,0.7640370726585388
"We roast these in a large cast iron pan on the grill (about 1/3 of the bag at a time).  The smell is wonderful and the roasted beans taste delicious too.  More importantly, the coffee is smooth; no bitter aftertaste.  On numerous occasions, we've had to send the roasted beans home with friends because they like it so much.",Positive,5,Positive,Positive,Positive,0.221,0.9734955430030823
"I have done a lot of research to find the best food for my cat, and this is an excellent food.  That is also according to my holistic veterinarian.  They put probiotics on the kibble as the last step, which is very important to me.  The best thing is that my cat loved it immediately and I had to stop mixing it with the old food because she only would eat Holistic Select.",Positive,5,Positive,Positive,Positive,0.215,0.9625206589698792
I order these olives a lot. They are un-like any other olives out there. The subtle flavors of the brine go great with cheeses. One of my favorite appetizer treats for guests.,Positive,5,Positive,Positive,Positive,0.202,0.9768953323364258
"Product received is as advertised.<br /><br /><a href=""http://www.amazon.com/gp/product/B001GVISJM"">Twizzlers, Strawberry, 16-Ounce Bags (Pack of 6)</a>",Positive,5,Neutral,Neutral,Negative,0.0,0.0
"I ordered two of these and two of raspberry latice tarts directly from FantasiCakes website for a dinner party I was hosting. It arrived fresh and intact. Very good size. I froze half for later use. I am a pastry lover and these were the best I've ever tasted. The pastry was soft, the jam was really good and the taste was great. They were gone in no time. My guests were really impressed.",Positive,5,Positive,Positive,Positive,0.323,0.9723005890846252
We really like the McCann's steel cut oats but find we don't cook it up too often.<br />This tastes much better to me than the grocery store brands and is just as convenient.<br />Anything that keeps me eating oatmeal regularly is a good thing.,Positive,5,Positive,Positive,Positive,0.191,0.9394567012786865
"Once you've tried some random sampler packs (and now are overloaded with decafs,extra bolds, or teas), this is a great way to get exactly the brands or style that you want.  Received the order in a couple of days and was exactly what I ordered.  This was my second order and I'll be ordering this item again.",Positive,5,Positive,Positive,Negative,0.131,0.9071717262268066
"These chips are truly amazing. They have it all. They're light, crisp, great tasting, nice texture, AND they're all natural... AND low in fat and sodium! Need I say more? I recently bought a bag of them at a regular grocery store, and couldn't belive my taste buds. That's why I excited why I saw them here on Amazon, and decided to buy a case!",Positive,5,Positive,Positive,Positive,0.256,0.9788228869438171
This is one of the best tasting crisps I have ever eaten! I only buy it on special occassions because I know I'll eat the whole bag.,Positive,5,Positive,Positive,Positive,0.246,0.9820319414138794
"This is the best coffee we've ever had. A light taste but very full bodied. I was very pleased with the packaging, having it resealable keeps it stay fresher much longer and unlike other brands this construction stays intact. I must say you wont be displeased with your purchase, this is a must buy!",Positive,5,Positive,Positive,Positive,0.214,0.9829913377761841
"My triplets will not eat this, eventhe one who will eat ANYTHING. The consistency is way too runny as well and does not stay on the spoon.",Negative,1,Positive,Negative,Negative,0.075,0.0
"Delicious chocolate cups, each in its own aluminum holder.  I could not find these in any local store, so was happy to find them on-line.<br />Most people are unaware of them, so they are impressed when I serve them a little cordial or other liquor in a chocolate cup.  After sipping the<br />liquor, you can eat the cup.  What could be nicer?  Excellent product.",Positive,5,Positive,Positive,Positive,0.24,0.9768746495246887
Ahmad Tea is an excellent looseleaf tea eith hot or for making iced tea. Great flavor with no lingering aftertaste.,Positive,4,Positive,Positive,Positive,0.289,0.9589744806289673
"I tired many different dog foods over the 3 yrs I have my cocker spaniel. I then came upon this breed specific dog food & figured I'd try it. My dog loves this food and always finishes his food. I've used this for over 1 yr now & he has not tired of it. I have seen a significant change (for the better) in him, he's more active and doing well.<br /><br />I only buy this brand food for him now.<br /><br />Buster gives it 2 paws up & I give it 5 stars.",Positive,5,Positive,Positive,Negative,0.094,0.9240136742591858
Put this in my husbands stocking for Christmas and it was a hit.,Positive,5,Neutral,Positive,Positive,0.0,0.9405788779258728
"After a lifetime of tea drinking, I can honestly say that this is the best Earl Grey I have ever tasted.  I have ordered it a number of times, and each batch is consistently excellent. I have even given it as a gift, as its container is superb for keeping loose tea fresh.  The metal canister has an inner lid that is lifted with its own attached knob, so the tea stays dry and fresh for the length of time it takes to use it up.  Do yourself a favor, if you like Earl Grey, and treat yourself to this tea.",Positive,5,Positive,Positive,Positive,0.295,0.9791508913040161
"<span class=""tiny""> Length:: 0:26 Mins<br /><br /></span>The expiration date is 21 months from the day I bought this product. The tuna, tomato combination is delicious. This is one of the many items I re-order on Amazon every month or so.<br />edit: added a short video, so you see what this combination looks like.<br /><br />I was wearing one of those headlamps, but I didn't do a good job focusing on the tuna.<br />I should film it over, but it doesn't look like many people view this product anyway.",Positive,5,Negative,Positive,Negative,0.042,0.8057864904403687
"My primary point with this review is to note that this packaging is less expensive than the other size offered by Folger. You get more coffee for less money.<br /><br />  I recently started drinking coffee again after a lapse of many years. Since I didn't know how many cups a day I would use, I wanted to avoid the fuss of a coffeemaker. I don't particularly like instant coffee. I was delighted to find these Folger's bags.<br /><br />  They brew a very nice tasting cup of coffee. I'm not any kind of coffee expert, so I don't know what special terms might be used. All I know is that if I let the bag seep for a bit more than a minute, it sure tastes good. Thanks to my very much better half, I've also learned that each of these bags will produce at least two good cups of coffee.<br /><br />  Very convenient, very easy, very tasty. I intend to take some of these with me when I travel as an alternative to the in-room coffee makers or (yeck!) vending machines.<br /><br />Jerry",Positive,5,Positive,Positive,Negative,0.129,0.7737810611724854
"WOW!  I have eaten quite a few potato chips in my day. Kettle chips are the BEST non-baked chips I have eaten. I decided to try the sweet onion chips, since I've never had them. I now have a FAVORITE!! If you like onions, this is a MUST buy! I will definitely reorder these, as I mentioned above, they are the BEST I have ever eaten! The flavor is GREAT.",Positive,5,Positive,Positive,Positive,0.383,0.9849125146865845
"I usually make my baby's food.... it's so easy, steam fruits & veggies and puree.... but sometimes I don't have enough time to cook and I buy Earth's Best baby foods....baby likes all the fruits and veggies so far but didn't like this one. She refused to eat it. When I tried it I understood why, I wouldn't eat it myself either... it tastes nasty.... my poor baby.... immediately I made her a homemade potato, zucchini, & asparagus puree and she loved it. I wouldn't recommend this flavor!",Negative,2,Positive,Neutral,Positive,0.177,0.0
"Kettle Chips flavors can be hit or miss.  Some of their flavors are terrible.  But this is very simple and delicious.  Probably one of their best flavors.<br /><br />Pros: Thick, crunchy potato chips with light salt that doesn't compromise on taste, eco-friendly business that isn't just giving us lip service<br /><br />Cons: The occasional burnt chip and the bag is a pain to open.  They have a tab that you can pull down but most of the time I end up tearing down the entire side of the bag.  Use scissors instead.",Positive,5,Positive,Positive,Positive,0.108,0.4226125478744507
"This tri-color couscous is really good...full of flavor and fun to eat.  I love the texture.  I cook in chicken broth and add some minced garlic and chopped herbs (parsley, cilantro,) along with some red pepper flakes.  At the end of cooking, I add some olive oil and this makes a wonderful side dish...Highly recommend",Positive,5,Positive,Positive,Positive,0.226,0.986420750617981
"The first time I ate these chips was in Aruba in 2007.  I couldn't find them in our area (CT) so you can imagine my joy when I found them on Amazon.  I love these and hope you continue to carry them.  Your prices are terrific too.  I pay $2.99 in Aruba and they run about $2.46 a bag when I buy the case of 12 through Amazon.  Good job!!!!  Only problem is, now everybody wants them here and they steal my bags when the case comes in, but that's ok...sharing is good.",Positive,5,Positive,Positive,Positive,0.189,0.9590518474578857
"Watch your prices with this.  While the assortment was good, and I did get this on a gold box purchase, the price for this was<br />$3-4 less at Target.",Neutral,3,Positive,Neutral,Negative,0.1,0.0
If you are looking for a great gluten free snack you won't be sorry you chose this product. My favorite flavor is the apple and nut.,Positive,5,Positive,Positive,Negative,0.356,0.9813008308410645
"This is the second purchase of Kettle Potato Chips and we love them just as much as the first time we tried them. We bought them by the a carton of 24 bags. The Kettle chips were in a 2oz bag which is just enough for a single size serving snack or with a meal. The chips are so delicious, baked not fried and lightly salted with Sea Salt. They have 0 fat, no preservatives, nothing artificial and they only use real food ingredients. What more could you ask for in a great tasting chip!",Positive,5,Positive,Positive,Positive,0.133,0.982617199420929
Of all the coffee's available for Tassimo this Kona has the richest flavor and fantastic aroma by<br />far my favorite.,Positive,5,Positive,Positive,Positive,0.37,0.9663442969322205
"So I got this and tasted it strait out of the bottle, it tasted like smoky flavored milk - YUCK! I was depressed I was stuck with 4 bottles of this.  It sat on my shelf and I forgot about it. Last weekend I tasted a Zevia cream soda and was not pleased with the flavor, it tasted weird and smokey like the LorAnn oil I had gotten.  I tried to doctor up the soda with a little SF Vanilla Torani syrup and a tablespoon of heavy cream - IT TASTED AMAZING!!!  The odd smokiness was gone and it had a wonderful rich mouthfeel.<br /><br />So I wanted to see if this would help the LorAnn oil too.  I put a cup of whipping cream in a bowl and added a teaspoon of vanilla and tasted it, it tasted fine.  Then I added ONE DROP of the oil, it is very strong, and stirred it in - IT TASTED SO MUCH BETTER!  I whipped it up and put it on fruit and it was such a treat.<br /><br />Now I will always whip a drop of it with vanilla into desserts and whip cream.  It was such a happy accident to find out how to use it.  When added to vanilla it really adds a new depth of flavor and tastes so different than just out of the bottle or on its own in cream.<br /><br />It is VERY potent so only use a drop and increase after tasting, if you add too much it will ruin the recipe so use a light touch.",Positive,4,Positive,Negative,Positive,0.137,0.0
"We make up a coffee creamer with 1/4 part commercial coffee creamer, vanilla, butter creme, almond and Bavarian Creme flavors and the rest milk.  It tastes wonderful and is half the price of store-bought!<br /><br />It is excellent!",Positive,5,Positive,Positive,Positive,0.186,0.9781351089477539
"Pocky is just plain fun to eat. I discovered these snacks at an anime convention (though I'd heard about them before and had seen manga characters eating them). They are very, very slim sticks of biscuity stuff (the flavor to me is a cross between waffle cones and pretzels) that have a charming tiny popping crispness. The chocolate flavor, a nice non-bitter, non-dark, generically pleasing choco-taste, seems to be the most popular (given how fast they sell out at cons), but I prefer the flavor of the strawberry which is like strawberry ice cream. Very nice.<br /><br />This is by no means a health food (it's in the same category as a cookie, it's got fat and sugar and non-healthful ingredients). But hey, it's junk food. We all know it's supposed to be OCCASIONAL and not habitual in the diet. Unless you're really prone to binge-eating or can't stop yourself a whole one of these smaller boxes is not a huge calorie splurge if you stick to a reasonable number. 10 of the chocolate pocky sticks will set you back 125 calories with 5 grams of fat, 3 of them saturated. I wouldn't recommend just scarfing down multiple boxes. In fact, just nibble these slowly and have fun with the cool texture effect.<br /><br />If you love the flavor of coconut-chocolate together (like Almond Joy) try the coconut chocolate ones. They're really so good, oh man. Hubby says the taste reminds him of the Girl Scout 'caramel delights"" cookies which are, in turn, similar to the old Yes Yes cookies (from the seventies or so).<br /><br />Anyway, if you have read manga or seen anime with young folks eating those stick-looking treats, or seen footage of cute Japanese girls nibbling at skinny little stick treats, this is what they were eating. :) Fun treats.<br /><br />However, with this crazy hot summer, I'd recommend you look for a local retailer or wait until fall's cooler weather. You might get a sticky, clumped mess of Pocky sticks in this deep summer weather. (Look for local stores that specialize in Japanese anime or manga and they'll likely carry Japanese snacks like these. In South Florida, Tate's Comics has them in a variety of flavors..and FRESH and NOT MELTED).",Positive,5,Positive,Positive,Positive,0.161,0.9356198906898499
"Save a little money buying in larger quantities, as opposed to the smaller bottles. I like the taste of Agave, cross between honey/maple. Good for pies, cereal, frozen yogurt, etc.",Positive,5,Positive,Positive,Negative,0.256,0.8918462991714478
"If you're looking for an energy boost without artificial sweeteners and other chemicals, this is a great option.  The taste is decent and it is a nice smooth uplift without jitters.",Positive,5,Positive,Positive,Positive,0.319,0.9196481108665466
"My aunt gave me a bag of these and I was immediately addicted. There are actual pieces of beans in the chips and they are not overly salty like other chips. I love the zip, agreed they are awesome without salsa, and no trans fat!",Positive,5,Positive,Positive,Positive,0.243,0.9663333892822266
"I love this coffee. I do wish it came already ground as I don't have a grinder and use a blender instead. But it's worth it. Many flavored coffees I've tried only seem to have a flavored odor that doesn't reach the coffee, but this one manages both.",Positive,5,Positive,Positive,Positive,0.148,0.8840651512145996
"I tried to find israeli couscous in a number of upsacale grocery stores and no luck.  So I decided to try good ole Amazon.com and selected this product.  It is so good..add a few herbs and it's a great side dish, or add more and make a ""pasta type"" salad.so very good.  I am hooked.  Great flavor and so easy to prepare!",Positive,5,Positive,Positive,Positive,0.312,0.9546980261802673
"A very bitter tasting coffee even when enhanced with cream and/or honey. Definately not my cup of coffee. Oh, did i say it was bitter?",Negative,1,Negative,Negative,Negative,0.0,0.0
"I don't eat many chips, but these I love. Great buy and arrived quick and packed great. Expiration date is a ways away, so I have awhile to enjoy them Great natural potato flavor. I love brown russet, hardy flavor and these fit that description to a tee.",Positive,5,Positive,Positive,Positive,0.565,0.9726261496543884
"I was diappointed in the flavor and texture of this mix.  I usually like most of the Low Carb things I have tried, but was diappointed in this specific one.",Negative,2,Neutral,Negative,Positive,0.062,0.0
This is my favorite hot sauce! I liketo use it to give anything some extra flavor. I have loved going out to some of my favorite resturants in town and seeing that they are offering this great product.I really enjoy putting on my my breakfast burritos!,Positive,5,Positive,Positive,Positive,0.326,0.988579511642456
"Just got this order and it is ok. A bit light on the cheddar flavoring and herb taste eludes me, if it is there.",Positive,4,Positive,Positive,Positive,0.091,0.6009954810142517
"I like eating these whenever I need an energy boost.<br />It has everything that I am searching for in a, ""To Go Snack"".<br />Fiber plus Chocolate is never a bad thing!!!",Positive,5,Positive,Positive,Positive,0.258,0.9786860942840576
"I felt energized within five minutes, but it lasted for about 45 minutes. I paid $3.99 for this drink. I could have just drunk a cup of coffee and saved my money.",Negative,1,Positive,Neutral,Negative,0.172,0.0
"Had this shipped to my sister who follows a gluten-free eating plan and she reports that it is very versatile and easier than grinding almonds for a crispy crust on chicken and fish filets. Also uses it in place of bread crumbs in meatloaf and meatballs.  Stays moist when added in place of wheat flour in baking, too. Good product, good value.",Positive,5,Positive,Positive,Positive,0.167,0.9424598217010498
Low calorie and satisfying. These soups are a nice fill in when you don't want too much but don't want to be hungry for a few hours.,Positive,5,Positive,Positive,Positive,0.14,0.8617115616798401
These chips are a great snack if you don't want all the junk assiciated with chips.  Try them you'll like them.,Positive,4,Positive,Positive,Positive,0.266,0.9549556970596313
"These are the best potato chips I've ever tasted.  It's easy to go through half of a bag without stopping.  The texture/crunchiness is just perfect, as is the salt and vinegar combination.  I don't know how they taste so much better than all of the other chips I've ever had, but they do.  And, judging from the nutrition facts, they seem to be healthier, too.  They're somewhat fibrous and have a good bit of potassium and vitamin c, which could be because they don't skin the potatoes and the chips are a bit thicker than normal.<br /><br />And if you like these, all of the Kettle chips are great.",Positive,5,Positive,Positive,Positive,0.212,0.9680326581001282
thank you for this product - we use it all the time and appreciate your promptness and the price was excellent.  Thanks again.,Positive,5,Positive,Positive,Positive,0.396,0.9842469692230225
"Sir Kensington's did a great job of updating the classic ketchup with this wonderful product. The refreshed taste of this Ketchup is a great update, and now leaves me disappointed when I'm given Heinz while out at a restaurant.<br /><br />For you Heinz die hard fans out there, this is not the ketchup for you. But for those of you who wish you always knew what ketchup could be without the chemical aftertaste found in Heinz, be sure to give this Ketchup a try.<br /><br />Don't forget the spiced variety. Purchasing the pack with both the classic and spiced variety for your first Sir Kensington experience is definitely the way to go.",Positive,5,Positive,Positive,Positive,0.161,0.8120339512825012
I have tried a lot of S&V chips and these are the best!  Real sea salt and REAL vinegar!  Mouth-watering flavor & crispiness.  Not for the faint of heart - the flavor is very authentic!  :),Positive,5,Positive,Positive,Positive,0.218,0.9842760562896729
This is certainly the best caramels I have ever had.  I just wish it came in bigger pieces.  I finished the whole box in one sitting!  I will certainly buy them again.,Positive,5,Positive,Positive,Positive,0.333,0.9849448800086975
Delicious. I cannot get Australian ginger where I live. This compares favorably to Australian Ginger I've purchased in other cities. Now I can enjoy it without traveling.,Positive,5,Positive,Positive,Positive,0.311,0.9262608289718628
This is what I was looking for and was missing it. The taste is exactly the taste as the one made in India so just loved it and remember my days back in India. Definitely recommend it.,Positive,5,Positive,Positive,Positive,0.215,0.9664835929870605
"My fiance loves these dark chocolate and nut granola bars and all the grocery stores around us don't carry them anymore!  Once again, Amazon came through and he couldn't be happier.",Positive,5,Positive,Positive,Negative,0.156,0.9648154377937317
"My six month old baby loves the Earth's Best 2nd Sweet Potato Chicken Dinner - it's his favorite. He seems to love all the Earth's Best 2nd foods - fruits, vegetables, and dinners. The consistency of the food makes it easy for him to eat - not too thick, not too thin.",Positive,5,Positive,Positive,Positive,0.375,0.9794334769248962
this gum is super sick.tatooes are killin.flavor is a spankin'.this brings back bomb diggity memories yo.peace out.,Positive,5,Positive,Negative,Negative,0.185,0.0
Pretty good product.  The taste isn't the best but it's definitely not the worse either.  It gives a pretty smooth energetic kick.,Positive,4,Positive,Positive,Positive,0.541,0.9523587226867676
Honeyville Rolled Oats is a delicious product.  I am using them to make a product designed to increase and enrich the milk production in lactating mothers.<br />The oats were shipped to me in a timely fashion and the amazing thing is I only paid $4.99 shipping for 50lbs of oats!  I encourage anyone who likes oats to order Honeyville Rolled Oats.  Their flavor is above all the rest.,Positive,5,Positive,Positive,Positive,0.221,0.9816061854362488
"This sweetner is the best, it brings out the true flavors in what ever you add it to. And it has great health benefts.",Positive,5,Positive,Positive,Positive,0.346,0.9801437258720398
This is a huge supply of them. I'm still working on these and have plenty to spare. Much more effective than buying one from the grocery store or 7-11 every time you want a mint.,Positive,5,Positive,Positive,Negative,0.189,0.9008958339691162
"As with canidae, Felidae has also changed their formula.  Cats do not like change when it comes to their food.  And they just had to change it without putting it on their label.  We noticed the color of the food had changed and so did the smell.  (As you will notice I have also reviewd the Canidae, and this all happened the same time the dogs were having issues.)<br /><br />Prior to the change in food we had almost lost two of our cats because we had moved to a new home.  If cats get ""upset"" because of a change in enviorment, or a loud noise they can stop eating.  It depends on the cat.  Two of them had stopped eating and had lost a lot of weight.  We took them to the vet and it took months to get them back to normal.  It has been a year since then and they are better.  Then the formula for this food changed.<br /><br />We started to noitce they were not eating as much and it started to bug us.  We asked the shop owner of the feed store and she had no knowledge of any change to the food.  It wasn't until the we were in there with other customers yelling about their dogs food making their dogs sick.  Right away we changed the cats food and they started chowing down and haven't suffered one bit like our dogs have.<br /><br />Cats are sensitve animals and changes to thier food could cause them to stop eating.  Anyone thinking of purchasing this food should not do it!  We have 5 rescued and fixed cats, none of which are picky eaters and the change in this formula could have been the death of them had we not found out about the change in their formula.<br /><br />I urge anyone that has had these problems to go to the consumer affairs website and also the FDA website and write a letter to them to let them know how this has affected your animal.  As with canidae they do not care how the change has affected my animals, and tell me not to buy it.  This is just horrible!",Negative,1,Negative,Negative,Negative,0.022,0.0
"A grande item !  Delicious fish with the ultimate flavor, best  ever in a can for all purposes !  I sent a case to my Mother recently diagnosed with Diabetes, and she loves it as a main entree for cooking patties !",Positive,5,Positive,Positive,Positive,0.287,0.9858657121658325
"I found these new spring Pop-Tarts and bought them on a whim.  My kids and I were amazed and delighted at the fun, colorful, amazingly detailed artwork on these Pop-Tarts.  Fantastic for after school snacks, lunch boxes, and school treats. Tie with a ribbon for a bright ""thinking of you this spring"" gift.  The only challenge is finding more in stores.  Way to go Kellogg's - fantastic product!",Positive,5,Positive,Positive,Positive,0.311,0.9865667223930359
"To me, these are nothing like the regular Altoids and are not breath mints. They are pleasant-tasting little candies in a cute convenient tin, and that's as far as it goes. The mintiness is just not strong, and the wintergreens are definitely weaker than the peppermint minis. I'm not a dragon-breath person, but still, one of these mints is too small to have any effect on my breath. Four or five will freshen my breath for a short while - maybe 15 minutes. At this point, I think the Icebreakers Frost mints are the best as sugar free breath mints.",Negative,1,Positive,Negative,Negative,0.13,0.0
"I agree with the company motto ""A Natural Obsession"".  I tried a small bag at the local store and immediately bought in bulk online to save about 30 percent.  The flavor of these is very strong, so they are best paired with a food that has a very mild flavor, like steamed vegetables or plain whole grain bread.  Otherwise they compete or clash with the other food.",Positive,5,Positive,Positive,Positive,0.254,0.8293766975402832
"The taste was great, but the berries had melted.  May order again in winter. If you order in cold weather you should enjoy flavor.",Neutral,3,Positive,Positive,Positive,0.237,0.8517063856124878
